,id,label
0,test_000000,1
1,test_000001,0
2,test_000002,1
3,test_000003,1
4,test_000004,0
5,test_000005,1
6,test_000006,1
7,test_000007,1
8,test_000008,1
9,test_000009,1
10,test_000010,0
11,test_000011,1
12,test_000012,1
13,test_000013,1
14,test_000014,1
15,test_000015,1
16,test_000016,0
17,test_000017,1
18,test_000018,1
19,test_000019,1
20,test_000020,1
21,test_000021,1
22,test_000022,1
23,test_000023,0
24,test_000024,1
25,test_000025,1
26,test_000026,1
27,test_000027,1
28,test_000028,1
29,test_000029,1
30,test_000030,1
31,test_000031,1
32,test_000032,1
33,test_000033,1
34,test_000034,1
35,test_000035,1
36,test_000036,1
37,test_000037,1
38,test_000038,1
39,test_000039,1
40,test_000040,1
41,test_000041,1
42,test_000042,1
43,test_000043,1
44,test_000044,1
45,test_000045,1
46,test_000046,1
47,test_000047,1
48,test_000048,1
49,test_000049,1
50,test_000050,1
51,test_000051,1
52,test_000052,1
53,test_000053,1
54,test_000054,1
55,test_000055,1
56,test_000056,1
57,test_000057,1
58,test_000058,1
59,test_000059,1
60,test_000060,1
61,test_000061,1
62,test_000062,1
63,test_000063,1
64,test_000064,1
65,test_000065,1
66,test_000066,1
67,test_000067,1
68,test_000068,1
69,test_000069,1
70,test_000070,1
71,test_000071,1
72,test_000072,1
73,test_000073,1
74,test_000074,1
75,test_000075,1
76,test_000076,1
77,test_000077,1
78,test_000078,1
79,test_000079,1
80,test_000080,1
81,test_000081,0
82,test_000082,1
83,test_000083,1
84,test_000084,1
85,test_000085,1
86,test_000086,1
87,test_000087,0
88,test_000088,1
89,test_000089,1
90,test_000090,1
91,test_000091,1
92,test_000092,1
93,test_000093,1
94,test_000094,1
95,test_000095,1
96,test_000096,1
97,test_000097,1
98,test_000098,1
99,test_000099,1
100,test_000100,1
101,test_000101,1
102,test_000102,1
103,test_000103,1
104,test_000104,1
105,test_000105,1
106,test_000106,1
107,test_000107,1
108,test_000108,1
109,test_000109,1
110,test_000110,1
111,test_000111,1
112,test_000112,1
113,test_000113,1
114,test_000114,1
115,test_000115,1
116,test_000116,1
117,test_000117,1
118,test_000118,0
119,test_000119,1
120,test_000120,1
121,test_000121,1
122,test_000122,1
123,test_000123,1
124,test_000124,1
125,test_000125,0
126,test_000126,1
127,test_000127,1
128,test_000128,1
129,test_000129,0
130,test_000130,1
131,test_000131,1
132,test_000132,1
133,test_000133,1
134,test_000134,1
135,test_000135,1
136,test_000136,1
137,test_000137,1
138,test_000138,1
139,test_000139,1
140,test_000140,1
141,test_000141,1
142,test_000142,0
143,test_000143,1
144,test_000144,1
145,test_000145,1
146,test_000146,1
147,test_000147,1
148,test_000148,1
149,test_000149,1
150,test_000150,1
151,test_000151,1
152,test_000152,1
153,test_000153,1
154,test_000154,1
155,test_000155,1
156,test_000156,1
157,test_000157,1
158,test_000158,1
159,test_000159,1
160,test_000160,1
161,test_000161,1
162,test_000162,1
163,test_000163,1
164,test_000164,1
165,test_000165,1
166,test_000166,0
167,test_000167,1
168,test_000168,1
169,test_000169,1
170,test_000170,1
171,test_000171,1
172,test_000172,1
173,test_000173,1
174,test_000174,1
175,test_000175,1
176,test_000176,1
177,test_000177,1
178,test_000178,1
179,test_000179,0
180,test_000180,1
181,test_000181,1
182,test_000182,1
183,test_000183,1
184,test_000184,1
185,test_000185,1
186,test_000186,1
187,test_000187,1
188,test_000188,1
189,test_000189,1
190,test_000190,0
191,test_000191,1
192,test_000192,1
193,test_000193,1
194,test_000194,1
195,test_000195,1
196,test_000196,1
197,test_000197,1
198,test_000198,1
199,test_000199,1
200,test_000200,1
201,test_000201,1
202,test_000202,1
203,test_000203,1
204,test_000204,1
205,test_000205,1
206,test_000206,1
207,test_000207,1
208,test_000208,1
209,test_000209,1
210,test_000210,1
211,test_000211,1
212,test_000212,1
213,test_000213,1
214,test_000214,1
215,test_000215,1
216,test_000216,1
217,test_000217,1
218,test_000218,1
219,test_000219,1
220,test_000220,1
221,test_000221,0
222,test_000222,1
223,test_000223,1
224,test_000224,1
225,test_000225,1
226,test_000226,0
227,test_000227,1
228,test_000228,1
229,test_000229,1
230,test_000230,1
231,test_000231,1
232,test_000232,1
233,test_000233,1
234,test_000234,1
235,test_000235,1
236,test_000236,1
237,test_000237,1
238,test_000238,1
239,test_000239,1
240,test_000240,1
241,test_000241,1
242,test_000242,1
243,test_000243,1
244,test_000244,1
245,test_000245,1
246,test_000246,1
247,test_000247,1
248,test_000248,1
249,test_000249,1
250,test_000250,1
251,test_000251,1
252,test_000252,1
253,test_000253,1
254,test_000254,1
255,test_000255,1
256,test_000256,1
257,test_000257,1
258,test_000258,1
259,test_000259,1
260,test_000260,0
261,test_000261,1
262,test_000262,1
263,test_000263,1
264,test_000264,1
265,test_000265,1
266,test_000266,1
267,test_000267,1
268,test_000268,1
269,test_000269,1
270,test_000270,1
271,test_000271,1
272,test_000272,1
273,test_000273,1
274,test_000274,1
275,test_000275,1
276,test_000276,1
277,test_000277,1
278,test_000278,0
279,test_000279,1
280,test_000280,1
281,test_000281,1
282,test_000282,1
283,test_000283,1
284,test_000284,1
285,test_000285,1
286,test_000286,0
287,test_000287,1
288,test_000288,0
289,test_000289,1
290,test_000290,1
291,test_000291,1
292,test_000292,1
293,test_000293,1
294,test_000294,1
295,test_000295,1
296,test_000296,1
297,test_000297,1
298,test_000298,1
299,test_000299,1
300,test_000300,1
301,test_000301,1
302,test_000302,1
303,test_000303,1
304,test_000304,1
305,test_000305,1
306,test_000306,1
307,test_000307,1
308,test_000308,1
309,test_000309,1
310,test_000310,1
311,test_000311,1
312,test_000312,1
313,test_000313,1
314,test_000314,1
315,test_000315,1
316,test_000316,1
317,test_000317,1
318,test_000318,1
319,test_000319,1
320,test_000320,0
321,test_000321,1
322,test_000322,1
323,test_000323,1
324,test_000324,1
325,test_000325,1
326,test_000326,1
327,test_000327,1
328,test_000328,1
329,test_000329,1
330,test_000330,1
331,test_000331,1
332,test_000332,1
333,test_000333,1
334,test_000334,1
335,test_000335,1
336,test_000336,1
337,test_000337,1
338,test_000338,1
339,test_000339,1
340,test_000340,1
341,test_000341,1
342,test_000342,1
343,test_000343,1
344,test_000344,1
345,test_000345,1
346,test_000346,1
347,test_000347,1
348,test_000348,1
349,test_000349,1
350,test_000350,1
351,test_000351,1
352,test_000352,1
353,test_000353,1
354,test_000354,1
355,test_000355,1
356,test_000356,1
357,test_000357,0
358,test_000358,1
359,test_000359,1
360,test_000360,0
361,test_000361,1
362,test_000362,1
363,test_000363,1
364,test_000364,1
365,test_000365,1
366,test_000366,1
367,test_000367,1
368,test_000368,1
369,test_000369,1
370,test_000370,1
371,test_000371,1
372,test_000372,1
373,test_000373,0
374,test_000374,0
375,test_000375,1
376,test_000376,1
377,test_000377,1
378,test_000378,1
379,test_000379,1
380,test_000380,1
381,test_000381,1
382,test_000382,1
383,test_000383,1
384,test_000384,1
385,test_000385,1
386,test_000386,1
387,test_000387,1
388,test_000388,1
389,test_000389,1
390,test_000390,1
391,test_000391,1
392,test_000392,1
393,test_000393,1
394,test_000394,1
395,test_000395,1
396,test_000396,1
397,test_000397,1
398,test_000398,0
399,test_000399,1
400,test_000400,1
401,test_000401,1
402,test_000402,1
403,test_000403,0
404,test_000404,1
405,test_000405,1
406,test_000406,1
407,test_000407,1
408,test_000408,1
409,test_000409,1
410,test_000410,1
411,test_000411,1
412,test_000412,1
413,test_000413,1
414,test_000414,1
415,test_000415,1
416,test_000416,1
417,test_000417,1
418,test_000418,1
419,test_000419,1
420,test_000420,1
421,test_000421,1
422,test_000422,1
423,test_000423,0
424,test_000424,1
425,test_000425,0
426,test_000426,1
427,test_000427,1
428,test_000428,1
429,test_000429,1
430,test_000430,1
431,test_000431,1
432,test_000432,1
433,test_000433,1
434,test_000434,1
435,test_000435,1
436,test_000436,1
437,test_000437,1
438,test_000438,1
439,test_000439,1
440,test_000440,1
441,test_000441,1
442,test_000442,1
443,test_000443,1
444,test_000444,1
445,test_000445,1
446,test_000446,1
447,test_000447,1
448,test_000448,1
449,test_000449,1
450,test_000450,1
451,test_000451,1
452,test_000452,0
453,test_000453,1
454,test_000454,1
455,test_000455,1
456,test_000456,1
457,test_000457,1
458,test_000458,0
459,test_000459,1
460,test_000460,1
461,test_000461,1
462,test_000462,1
463,test_000463,1
464,test_000464,1
465,test_000465,1
466,test_000466,1
467,test_000467,1
468,test_000468,1
469,test_000469,1
470,test_000470,1
471,test_000471,1
472,test_000472,1
473,test_000473,1
474,test_000474,1
475,test_000475,1
476,test_000476,1
477,test_000477,1
478,test_000478,1
479,test_000479,1
480,test_000480,1
481,test_000481,1
482,test_000482,1
483,test_000483,1
484,test_000484,1
485,test_000485,1
486,test_000486,1
487,test_000487,1
488,test_000488,1
489,test_000489,1
490,test_000490,0
491,test_000491,1
492,test_000492,1
493,test_000493,1
494,test_000494,1
495,test_000495,1
496,test_000496,1
497,test_000497,1
498,test_000498,1
499,test_000499,1
500,test_000500,1
501,test_000501,0
502,test_000502,1
503,test_000503,1
504,test_000504,1
505,test_000505,1
506,test_000506,1
507,test_000507,1
508,test_000508,1
509,test_000509,1
510,test_000510,1
511,test_000511,1
512,test_000512,1
513,test_000513,1
514,test_000514,1
515,test_000515,1
516,test_000516,1
517,test_000517,1
518,test_000518,1
519,test_000519,1
520,test_000520,1
521,test_000521,0
522,test_000522,1
523,test_000523,1
524,test_000524,1
525,test_000525,1
526,test_000526,1
527,test_000527,1
528,test_000528,0
529,test_000529,1
530,test_000530,1
531,test_000531,1
532,test_000532,1
533,test_000533,1
534,test_000534,1
535,test_000535,1
536,test_000536,1
537,test_000537,1
538,test_000538,1
539,test_000539,1
540,test_000540,1
541,test_000541,1
542,test_000542,1
543,test_000543,1
544,test_000544,1
545,test_000545,1
546,test_000546,1
547,test_000547,1
548,test_000548,1
549,test_000549,1
550,test_000550,1
551,test_000551,1
552,test_000552,1
553,test_000553,1
554,test_000554,1
555,test_000555,1
556,test_000556,1
557,test_000557,1
558,test_000558,1
559,test_000559,1
560,test_000560,1
561,test_000561,1
562,test_000562,1
563,test_000563,1
564,test_000564,1
565,test_000565,1
566,test_000566,1
567,test_000567,1
568,test_000568,1
569,test_000569,1
570,test_000570,1
571,test_000571,1
572,test_000572,1
573,test_000573,1
574,test_000574,1
575,test_000575,1
576,test_000576,1
577,test_000577,0
578,test_000578,1
579,test_000579,1
580,test_000580,1
581,test_000581,1
582,test_000582,1
583,test_000583,1
584,test_000584,1
585,test_000585,1
586,test_000586,1
587,test_000587,1
588,test_000588,1
589,test_000589,1
590,test_000590,1
591,test_000591,1
592,test_000592,1
593,test_000593,1
594,test_000594,1
595,test_000595,1
596,test_000596,1
597,test_000597,0
598,test_000598,1
599,test_000599,1
600,test_000600,1
601,test_000601,1
602,test_000602,0
603,test_000603,1
604,test_000604,1
605,test_000605,1
606,test_000606,1
607,test_000607,1
608,test_000608,1
609,test_000609,1
610,test_000610,0
611,test_000611,1
612,test_000612,1
613,test_000613,0
614,test_000614,1
615,test_000615,1
616,test_000616,1
617,test_000617,1
618,test_000618,1
619,test_000619,1
620,test_000620,0
621,test_000621,1
622,test_000622,1
623,test_000623,1
624,test_000624,1
625,test_000625,1
626,test_000626,1
627,test_000627,1
628,test_000628,1
629,test_000629,1
630,test_000630,1
631,test_000631,1
632,test_000632,1
633,test_000633,1
634,test_000634,1
635,test_000635,1
636,test_000636,1
637,test_000637,1
638,test_000638,1
639,test_000639,1
640,test_000640,1
641,test_000641,1
642,test_000642,1
643,test_000643,1
644,test_000644,1
645,test_000645,1
646,test_000646,1
647,test_000647,1
648,test_000648,1
649,test_000649,1
650,test_000650,1
651,test_000651,1
652,test_000652,1
653,test_000653,1
654,test_000654,1
655,test_000655,1
656,test_000656,1
657,test_000657,1
658,test_000658,1
659,test_000659,1
660,test_000660,1
661,test_000661,1
662,test_000662,1
663,test_000663,1
664,test_000664,1
665,test_000665,1
666,test_000666,1
667,test_000667,1
668,test_000668,1
669,test_000669,1
670,test_000670,1
671,test_000671,1
672,test_000672,1
673,test_000673,1
674,test_000674,1
675,test_000675,1
676,test_000676,1
677,test_000677,1
678,test_000678,1
679,test_000679,1
680,test_000680,1
681,test_000681,1
682,test_000682,1
683,test_000683,0
684,test_000684,1
685,test_000685,1
686,test_000686,1
687,test_000687,1
688,test_000688,1
689,test_000689,1
690,test_000690,1
691,test_000691,1
692,test_000692,1
693,test_000693,1
694,test_000694,1
695,test_000695,1
696,test_000696,1
697,test_000697,1
698,test_000698,1
699,test_000699,1
700,test_000700,1
701,test_000701,1
702,test_000702,1
703,test_000703,0
704,test_000704,1
705,test_000705,1
706,test_000706,1
707,test_000707,0
708,test_000708,1
709,test_000709,1
710,test_000710,1
711,test_000711,1
712,test_000712,1
713,test_000713,1
714,test_000714,0
715,test_000715,0
716,test_000716,1
717,test_000717,1
718,test_000718,1
719,test_000719,1
720,test_000720,1
721,test_000721,1
722,test_000722,1
723,test_000723,0
724,test_000724,1
725,test_000725,1
726,test_000726,1
727,test_000727,1
728,test_000728,1
729,test_000729,1
730,test_000730,1
731,test_000731,1
732,test_000732,1
733,test_000733,1
734,test_000734,1
735,test_000735,1
736,test_000736,1
737,test_000737,1
738,test_000738,0
739,test_000739,1
740,test_000740,1
741,test_000741,1
742,test_000742,1
743,test_000743,1
744,test_000744,1
745,test_000745,1
746,test_000746,1
747,test_000747,1
748,test_000748,1
749,test_000749,1
750,test_000750,0
751,test_000751,1
752,test_000752,1
753,test_000753,1
754,test_000754,1
755,test_000755,1
756,test_000756,1
757,test_000757,1
758,test_000758,0
759,test_000759,1
760,test_000760,1
761,test_000761,1
762,test_000762,1
763,test_000763,1
764,test_000764,1
765,test_000765,1
766,test_000766,1
767,test_000767,1
768,test_000768,1
769,test_000769,1
770,test_000770,1
771,test_000771,1
772,test_000772,1
773,test_000773,1
774,test_000774,1
775,test_000775,1
776,test_000776,1
777,test_000777,1
778,test_000778,1
779,test_000779,1
780,test_000780,1
781,test_000781,1
782,test_000782,1
783,test_000783,1
784,test_000784,1
785,test_000785,1
786,test_000786,1
787,test_000787,1
788,test_000788,1
789,test_000789,1
790,test_000790,1
791,test_000791,1
792,test_000792,1
793,test_000793,1
794,test_000794,1
795,test_000795,1
796,test_000796,1
797,test_000797,1
798,test_000798,1
799,test_000799,1
800,test_000800,1
801,test_000801,1
802,test_000802,1
803,test_000803,1
804,test_000804,1
805,test_000805,1
806,test_000806,1
807,test_000807,1
808,test_000808,1
809,test_000809,1
810,test_000810,1
811,test_000811,1
812,test_000812,1
813,test_000813,1
814,test_000814,1
815,test_000815,1
816,test_000816,1
817,test_000817,1
818,test_000818,1
819,test_000819,1
820,test_000820,1
821,test_000821,1
822,test_000822,1
823,test_000823,1
824,test_000824,1
825,test_000825,1
826,test_000826,1
827,test_000827,1
828,test_000828,1
829,test_000829,1
830,test_000830,1
831,test_000831,1
832,test_000832,1
833,test_000833,1
834,test_000834,1
835,test_000835,0
836,test_000836,1
837,test_000837,1
838,test_000838,1
839,test_000839,1
840,test_000840,1
841,test_000841,1
842,test_000842,1
843,test_000843,1
844,test_000844,1
845,test_000845,1
846,test_000846,1
847,test_000847,1
848,test_000848,1
849,test_000849,1
850,test_000850,1
851,test_000851,1
852,test_000852,0
853,test_000853,1
854,test_000854,1
855,test_000855,1
856,test_000856,1
857,test_000857,1
858,test_000858,1
859,test_000859,1
860,test_000860,1
861,test_000861,1
862,test_000862,1
863,test_000863,1
864,test_000864,1
865,test_000865,1
866,test_000866,1
867,test_000867,1
868,test_000868,1
869,test_000869,1
870,test_000870,1
871,test_000871,1
872,test_000872,1
873,test_000873,1
874,test_000874,1
875,test_000875,1
876,test_000876,1
877,test_000877,1
878,test_000878,1
879,test_000879,1
880,test_000880,1
881,test_000881,1
882,test_000882,1
883,test_000883,1
884,test_000884,1
885,test_000885,1
886,test_000886,1
887,test_000887,1
888,test_000888,1
889,test_000889,1
890,test_000890,1
891,test_000891,1
892,test_000892,1
893,test_000893,1
894,test_000894,1
895,test_000895,1
896,test_000896,1
897,test_000897,1
898,test_000898,1
899,test_000899,1
900,test_000900,1
901,test_000901,1
902,test_000902,1
903,test_000903,1
904,test_000904,1
905,test_000905,1
906,test_000906,0
907,test_000907,1
908,test_000908,1
909,test_000909,1
910,test_000910,1
911,test_000911,1
912,test_000912,1
913,test_000913,1
914,test_000914,1
915,test_000915,1
916,test_000916,1
917,test_000917,1
918,test_000918,1
919,test_000919,1
920,test_000920,1
921,test_000921,1
922,test_000922,1
923,test_000923,1
924,test_000924,1
925,test_000925,1
926,test_000926,1
927,test_000927,1
928,test_000928,1
929,test_000929,1
930,test_000930,1
931,test_000931,1
932,test_000932,0
933,test_000933,0
934,test_000934,0
935,test_000935,0
936,test_000936,0
937,test_000937,0
938,test_000938,0
939,test_000939,0
940,test_000940,0
941,test_000941,0
942,test_000942,0
943,test_000943,0
944,test_000944,0
945,test_000945,0
946,test_000946,0
947,test_000947,0
948,test_000948,0
949,test_000949,0
950,test_000950,0
951,test_000951,0
952,test_000952,0
953,test_000953,0
954,test_000954,0
955,test_000955,0
956,test_000956,0
957,test_000957,0
958,test_000958,0
959,test_000959,0
960,test_000960,0
961,test_000961,0
962,test_000962,0
963,test_000963,0
964,test_000964,0
965,test_000965,0
966,test_000966,0
967,test_000967,0
968,test_000968,0
969,test_000969,0
970,test_000970,0
971,test_000971,0
972,test_000972,0
973,test_000973,0
974,test_000974,0
975,test_000975,0
976,test_000976,0
977,test_000977,0
978,test_000978,0
979,test_000979,0
980,test_000980,0
981,test_000981,0
982,test_000982,0
983,test_000983,0
984,test_000984,0
985,test_000985,0
986,test_000986,0
987,test_000987,0
988,test_000988,0
989,test_000989,1
990,test_000990,0
991,test_000991,0
992,test_000992,0
993,test_000993,0
994,test_000994,0
995,test_000995,0
996,test_000996,0
997,test_000997,0
998,test_000998,0
999,test_000999,1
1000,test_001000,1
1001,test_001001,1
1002,test_001002,1
1003,test_001003,0
1004,test_001004,1
1005,test_001005,1
1006,test_001006,0
1007,test_001007,0
1008,test_001008,0
1009,test_001009,0
1010,test_001010,0
1011,test_001011,0
1012,test_001012,0
1013,test_001013,0
1014,test_001014,0
1015,test_001015,1
1016,test_001016,0
1017,test_001017,0
1018,test_001018,0
1019,test_001019,0
1020,test_001020,0
1021,test_001021,0
1022,test_001022,0
1023,test_001023,0
1024,test_001024,0
1025,test_001025,0
1026,test_001026,0
1027,test_001027,0
1028,test_001028,0
1029,test_001029,0
1030,test_001030,0
1031,test_001031,0
1032,test_001032,0
1033,test_001033,0
1034,test_001034,1
1035,test_001035,0
1036,test_001036,1
1037,test_001037,0
1038,test_001038,0
1039,test_001039,0
1040,test_001040,0
1041,test_001041,0
1042,test_001042,0
1043,test_001043,1
1044,test_001044,0
1045,test_001045,0
1046,test_001046,1
1047,test_001047,0
1048,test_001048,0
1049,test_001049,0
1050,test_001050,0
1051,test_001051,1
1052,test_001052,0
1053,test_001053,0
1054,test_001054,0
1055,test_001055,0
1056,test_001056,1
1057,test_001057,1
1058,test_001058,1
1059,test_001059,1
1060,test_001060,1
1061,test_001061,1
1062,test_001062,0
1063,test_001063,1
1064,test_001064,1
1065,test_001065,0
1066,test_001066,0
1067,test_001067,1
1068,test_001068,0
1069,test_001069,0
1070,test_001070,0
1071,test_001071,0
1072,test_001072,0
1073,test_001073,0
1074,test_001074,0
1075,test_001075,0
1076,test_001076,0
1077,test_001077,0
1078,test_001078,0
1079,test_001079,0
1080,test_001080,0
1081,test_001081,0
1082,test_001082,0
1083,test_001083,0
1084,test_001084,0
1085,test_001085,0
1086,test_001086,0
1087,test_001087,0
1088,test_001088,0
1089,test_001089,1
1090,test_001090,0
1091,test_001091,0
1092,test_001092,0
1093,test_001093,0
1094,test_001094,0
1095,test_001095,0
1096,test_001096,0
1097,test_001097,0
1098,test_001098,0
1099,test_001099,0
1100,test_001100,0
1101,test_001101,0
1102,test_001102,0
1103,test_001103,0
1104,test_001104,0
1105,test_001105,0
1106,test_001106,0
1107,test_001107,1
1108,test_001108,0
1109,test_001109,0
1110,test_001110,0
1111,test_001111,0
1112,test_001112,0
1113,test_001113,0
1114,test_001114,0
1115,test_001115,0
1116,test_001116,0
1117,test_001117,0
1118,test_001118,0
1119,test_001119,0
1120,test_001120,0
1121,test_001121,0
1122,test_001122,0
1123,test_001123,0
1124,test_001124,0
1125,test_001125,0
1126,test_001126,0
1127,test_001127,0
1128,test_001128,0
1129,test_001129,0
1130,test_001130,0
1131,test_001131,0
1132,test_001132,0
1133,test_001133,0
1134,test_001134,0
1135,test_001135,0
1136,test_001136,0
1137,test_001137,0
1138,test_001138,0
1139,test_001139,0
1140,test_001140,0
1141,test_001141,0
1142,test_001142,0
1143,test_001143,0
1144,test_001144,0
1145,test_001145,0
1146,test_001146,0
1147,test_001147,0
1148,test_001148,0
1149,test_001149,0
1150,test_001150,0
1151,test_001151,0
1152,test_001152,0
1153,test_001153,0
1154,test_001154,0
1155,test_001155,1
1156,test_001156,0
1157,test_001157,0
1158,test_001158,0
1159,test_001159,0
1160,test_001160,0
1161,test_001161,0
1162,test_001162,0
1163,test_001163,1
1164,test_001164,0
1165,test_001165,0
1166,test_001166,0
1167,test_001167,0
1168,test_001168,0
1169,test_001169,0
1170,test_001170,0
1171,test_001171,0
1172,test_001172,0
1173,test_001173,0
1174,test_001174,0
1175,test_001175,0
1176,test_001176,0
1177,test_001177,0
1178,test_001178,0
1179,test_001179,0
1180,test_001180,0
1181,test_001181,0
1182,test_001182,0
1183,test_001183,0
1184,test_001184,0
1185,test_001185,0
1186,test_001186,0
1187,test_001187,0
1188,test_001188,0
1189,test_001189,0
1190,test_001190,0
1191,test_001191,0
1192,test_001192,0
1193,test_001193,0
1194,test_001194,0
1195,test_001195,0
1196,test_001196,0
1197,test_001197,0
1198,test_001198,0
1199,test_001199,0
1200,test_001200,0
1201,test_001201,0
1202,test_001202,0
1203,test_001203,0
1204,test_001204,0
1205,test_001205,0
1206,test_001206,0
1207,test_001207,0
1208,test_001208,0
1209,test_001209,0
1210,test_001210,0
1211,test_001211,0
1212,test_001212,0
1213,test_001213,0
1214,test_001214,0
1215,test_001215,0
1216,test_001216,0
1217,test_001217,0
1218,test_001218,0
1219,test_001219,0
1220,test_001220,0
1221,test_001221,0
1222,test_001222,0
1223,test_001223,0
1224,test_001224,0
1225,test_001225,0
1226,test_001226,0
1227,test_001227,0
1228,test_001228,0
1229,test_001229,0
1230,test_001230,0
1231,test_001231,0
1232,test_001232,0
1233,test_001233,0
1234,test_001234,0
1235,test_001235,0
1236,test_001236,0
1237,test_001237,0
1238,test_001238,0
1239,test_001239,0
1240,test_001240,0
1241,test_001241,0
1242,test_001242,0
1243,test_001243,1
1244,test_001244,0
1245,test_001245,0
1246,test_001246,0
1247,test_001247,0
1248,test_001248,0
1249,test_001249,0
1250,test_001250,0
1251,test_001251,0
1252,test_001252,0
1253,test_001253,0
1254,test_001254,0
1255,test_001255,0
1256,test_001256,0
1257,test_001257,0
1258,test_001258,0
1259,test_001259,0
1260,test_001260,0
1261,test_001261,0
1262,test_001262,0
1263,test_001263,0
1264,test_001264,0
1265,test_001265,0
1266,test_001266,0
1267,test_001267,0
1268,test_001268,0
1269,test_001269,0
1270,test_001270,0
1271,test_001271,0
1272,test_001272,0
1273,test_001273,0
1274,test_001274,0
1275,test_001275,1
1276,test_001276,0
1277,test_001277,0
1278,test_001278,0
1279,test_001279,0
1280,test_001280,0
1281,test_001281,0
1282,test_001282,0
1283,test_001283,0
1284,test_001284,0
1285,test_001285,0
1286,test_001286,0
1287,test_001287,1
1288,test_001288,0
1289,test_001289,0
1290,test_001290,0
1291,test_001291,0
1292,test_001292,0
1293,test_001293,0
1294,test_001294,0
1295,test_001295,0
1296,test_001296,0
1297,test_001297,0
1298,test_001298,0
1299,test_001299,0
1300,test_001300,0
1301,test_001301,0
1302,test_001302,0
1303,test_001303,0
1304,test_001304,0
1305,test_001305,0
1306,test_001306,0
1307,test_001307,0
1308,test_001308,1
1309,test_001309,0
1310,test_001310,0
1311,test_001311,0
1312,test_001312,0
1313,test_001313,0
1314,test_001314,0
1315,test_001315,0
1316,test_001316,0
1317,test_001317,0
1318,test_001318,0
1319,test_001319,0
1320,test_001320,0
1321,test_001321,0
1322,test_001322,0
1323,test_001323,0
1324,test_001324,0
1325,test_001325,0
1326,test_001326,0
1327,test_001327,0
1328,test_001328,0
1329,test_001329,0
1330,test_001330,0
1331,test_001331,1
1332,test_001332,0
1333,test_001333,0
1334,test_001334,0
1335,test_001335,0
1336,test_001336,0
1337,test_001337,0
1338,test_001338,0
1339,test_001339,0
1340,test_001340,0
1341,test_001341,0
1342,test_001342,0
1343,test_001343,0
1344,test_001344,0
1345,test_001345,0
1346,test_001346,0
1347,test_001347,0
1348,test_001348,0
1349,test_001349,0
1350,test_001350,0
1351,test_001351,0
1352,test_001352,0
1353,test_001353,0
1354,test_001354,0
1355,test_001355,0
1356,test_001356,0
1357,test_001357,0
1358,test_001358,0
1359,test_001359,0
1360,test_001360,0
1361,test_001361,0
1362,test_001362,0
1363,test_001363,0
1364,test_001364,0
1365,test_001365,0
1366,test_001366,0
1367,test_001367,0
1368,test_001368,0
1369,test_001369,0
1370,test_001370,0
1371,test_001371,0
1372,test_001372,0
1373,test_001373,0
1374,test_001374,0
1375,test_001375,0
1376,test_001376,0
1377,test_001377,0
1378,test_001378,0
1379,test_001379,0
1380,test_001380,0
1381,test_001381,0
1382,test_001382,0
1383,test_001383,0
1384,test_001384,0
1385,test_001385,0
1386,test_001386,0
1387,test_001387,0
1388,test_001388,0
1389,test_001389,0
1390,test_001390,0
1391,test_001391,0
1392,test_001392,0
1393,test_001393,0
1394,test_001394,1
1395,test_001395,0
1396,test_001396,0
1397,test_001397,0
1398,test_001398,0
1399,test_001399,0
1400,test_001400,0
1401,test_001401,0
1402,test_001402,0
1403,test_001403,0
1404,test_001404,0
1405,test_001405,0
1406,test_001406,0
1407,test_001407,0
1408,test_001408,0
1409,test_001409,0
1410,test_001410,0
1411,test_001411,0
1412,test_001412,0
1413,test_001413,0
1414,test_001414,0
1415,test_001415,0
1416,test_001416,0
1417,test_001417,0
1418,test_001418,0
1419,test_001419,0
1420,test_001420,1
1421,test_001421,0
1422,test_001422,0
1423,test_001423,0
1424,test_001424,0
1425,test_001425,0
1426,test_001426,0
1427,test_001427,0
1428,test_001428,0
1429,test_001429,0
1430,test_001430,0
1431,test_001431,0
1432,test_001432,0
1433,test_001433,0
1434,test_001434,0
1435,test_001435,0
1436,test_001436,0
1437,test_001437,0
1438,test_001438,0
1439,test_001439,0
1440,test_001440,0
1441,test_001441,0
1442,test_001442,0
1443,test_001443,0
1444,test_001444,0
1445,test_001445,0
1446,test_001446,0
1447,test_001447,0
1448,test_001448,0
1449,test_001449,0
1450,test_001450,0
1451,test_001451,0
1452,test_001452,0
1453,test_001453,0
1454,test_001454,0
1455,test_001455,0
1456,test_001456,0
1457,test_001457,1
1458,test_001458,0
1459,test_001459,0
1460,test_001460,0
1461,test_001461,0
1462,test_001462,0
1463,test_001463,0
1464,test_001464,0
1465,test_001465,0
1466,test_001466,0
1467,test_001467,0
1468,test_001468,0
1469,test_001469,0
1470,test_001470,0
1471,test_001471,0
1472,test_001472,0
1473,test_001473,0
1474,test_001474,0
1475,test_001475,0
1476,test_001476,0
1477,test_001477,0
1478,test_001478,1
1479,test_001479,0
1480,test_001480,0
1481,test_001481,0
1482,test_001482,0
1483,test_001483,0
1484,test_001484,0
1485,test_001485,0
1486,test_001486,0
1487,test_001487,0
1488,test_001488,0
1489,test_001489,0
1490,test_001490,0
1491,test_001491,0
1492,test_001492,0
1493,test_001493,0
1494,test_001494,1
1495,test_001495,0
1496,test_001496,0
1497,test_001497,0
1498,test_001498,0
1499,test_001499,0
1500,test_001500,0
1501,test_001501,0
1502,test_001502,0
1503,test_001503,0
1504,test_001504,0
1505,test_001505,0
1506,test_001506,0
1507,test_001507,0
1508,test_001508,0
1509,test_001509,0
1510,test_001510,0
1511,test_001511,0
1512,test_001512,0
1513,test_001513,0
1514,test_001514,0
1515,test_001515,0
1516,test_001516,1
1517,test_001517,0
1518,test_001518,0
1519,test_001519,0
1520,test_001520,0
1521,test_001521,0
1522,test_001522,0
1523,test_001523,0
1524,test_001524,0
1525,test_001525,0
1526,test_001526,0
1527,test_001527,0
1528,test_001528,0
1529,test_001529,0
1530,test_001530,0
1531,test_001531,0
1532,test_001532,0
1533,test_001533,0
1534,test_001534,0
1535,test_001535,0
1536,test_001536,0
1537,test_001537,0
1538,test_001538,0
1539,test_001539,0
1540,test_001540,0
1541,test_001541,0
1542,test_001542,0
1543,test_001543,0
1544,test_001544,0
1545,test_001545,0
1546,test_001546,0
1547,test_001547,0
1548,test_001548,0
1549,test_001549,0
1550,test_001550,0
1551,test_001551,0
1552,test_001552,0
1553,test_001553,0
1554,test_001554,1
1555,test_001555,0
1556,test_001556,0
1557,test_001557,0
1558,test_001558,0
1559,test_001559,0
1560,test_001560,0
1561,test_001561,0
1562,test_001562,0
1563,test_001563,0
1564,test_001564,0
1565,test_001565,0
1566,test_001566,0
1567,test_001567,0
1568,test_001568,0
1569,test_001569,0
1570,test_001570,0
1571,test_001571,0
1572,test_001572,0
1573,test_001573,0
1574,test_001574,0
1575,test_001575,0
1576,test_001576,0
1577,test_001577,0
1578,test_001578,0
1579,test_001579,0
1580,test_001580,0
1581,test_001581,0
1582,test_001582,0
1583,test_001583,0
1584,test_001584,0
1585,test_001585,0
1586,test_001586,0
1587,test_001587,0
1588,test_001588,0
1589,test_001589,0
1590,test_001590,0
1591,test_001591,0
1592,test_001592,0
1593,test_001593,0
1594,test_001594,0
1595,test_001595,0
1596,test_001596,0
1597,test_001597,0
1598,test_001598,0
1599,test_001599,0
1600,test_001600,0
1601,test_001601,0
1602,test_001602,0
1603,test_001603,0
1604,test_001604,0
1605,test_001605,0
1606,test_001606,0
1607,test_001607,0
1608,test_001608,0
1609,test_001609,0
1610,test_001610,0
1611,test_001611,0
1612,test_001612,0
1613,test_001613,0
1614,test_001614,0
1615,test_001615,0
1616,test_001616,0
1617,test_001617,0
1618,test_001618,0
1619,test_001619,0
1620,test_001620,0
1621,test_001621,0
1622,test_001622,0
1623,test_001623,0
1624,test_001624,0
1625,test_001625,0
1626,test_001626,0
1627,test_001627,0
1628,test_001628,0
1629,test_001629,0
1630,test_001630,0
1631,test_001631,0
1632,test_001632,0
1633,test_001633,0
1634,test_001634,0
1635,test_001635,0
1636,test_001636,1
1637,test_001637,0
1638,test_001638,1
1639,test_001639,0
1640,test_001640,0
1641,test_001641,0
1642,test_001642,0
1643,test_001643,0
1644,test_001644,0
1645,test_001645,0
1646,test_001646,0
1647,test_001647,0
1648,test_001648,0
1649,test_001649,0
1650,test_001650,0
1651,test_001651,0
1652,test_001652,0
1653,test_001653,0
1654,test_001654,1
1655,test_001655,0
1656,test_001656,0
1657,test_001657,0
1658,test_001658,0
1659,test_001659,0
1660,test_001660,0
1661,test_001661,0
1662,test_001662,0
1663,test_001663,0
1664,test_001664,0
1665,test_001665,0
1666,test_001666,0
1667,test_001667,0
1668,test_001668,0
1669,test_001669,0
1670,test_001670,0
1671,test_001671,0
1672,test_001672,0
1673,test_001673,0
1674,test_001674,0
1675,test_001675,0
1676,test_001676,0
1677,test_001677,0
1678,test_001678,0
1679,test_001679,0
1680,test_001680,0
1681,test_001681,0
1682,test_001682,0
1683,test_001683,0
1684,test_001684,0
1685,test_001685,0
1686,test_001686,0
1687,test_001687,0
1688,test_001688,0
1689,test_001689,0
1690,test_001690,0
1691,test_001691,0
1692,test_001692,0
1693,test_001693,0
1694,test_001694,0
1695,test_001695,0
1696,test_001696,0
1697,test_001697,0
1698,test_001698,0
1699,test_001699,0
1700,test_001700,0
1701,test_001701,1
1702,test_001702,0
1703,test_001703,0
1704,test_001704,0
1705,test_001705,0
1706,test_001706,0
1707,test_001707,0
1708,test_001708,0
1709,test_001709,0
1710,test_001710,0
1711,test_001711,0
1712,test_001712,1
1713,test_001713,1
1714,test_001714,1
1715,test_001715,0
1716,test_001716,0
1717,test_001717,1
1718,test_001718,1
1719,test_001719,1
1720,test_001720,1
1721,test_001721,0
1722,test_001722,0
1723,test_001723,1
1724,test_001724,1
1725,test_001725,1
1726,test_001726,0
1727,test_001727,1
1728,test_001728,1
1729,test_001729,1
1730,test_001730,1
1731,test_001731,0
1732,test_001732,0
1733,test_001733,1
1734,test_001734,1
1735,test_001735,1
1736,test_001736,1
1737,test_001737,1
1738,test_001738,1
1739,test_001739,1
1740,test_001740,1
1741,test_001741,1
1742,test_001742,1
1743,test_001743,1
1744,test_001744,0
1745,test_001745,0
1746,test_001746,1
1747,test_001747,1
1748,test_001748,1
1749,test_001749,1
1750,test_001750,1
1751,test_001751,1
1752,test_001752,1
1753,test_001753,1
1754,test_001754,1
1755,test_001755,1
1756,test_001756,1
1757,test_001757,1
1758,test_001758,1
1759,test_001759,1
1760,test_001760,0
1761,test_001761,0
1762,test_001762,1
1763,test_001763,1
1764,test_001764,0
1765,test_001765,1
1766,test_001766,1
1767,test_001767,0
1768,test_001768,0
1769,test_001769,1
1770,test_001770,1
1771,test_001771,0
1772,test_001772,0
1773,test_001773,0
1774,test_001774,1
1775,test_001775,0
1776,test_001776,1
1777,test_001777,0
1778,test_001778,0
1779,test_001779,0
1780,test_001780,1
1781,test_001781,1
1782,test_001782,1
1783,test_001783,0
1784,test_001784,1
1785,test_001785,0
1786,test_001786,1
1787,test_001787,1
1788,test_001788,1
1789,test_001789,1
1790,test_001790,1
1791,test_001791,1
1792,test_001792,1
1793,test_001793,0
1794,test_001794,0
1795,test_001795,0
1796,test_001796,1
1797,test_001797,0
1798,test_001798,0
1799,test_001799,1
1800,test_001800,0
1801,test_001801,0
1802,test_001802,0
1803,test_001803,0
1804,test_001804,0
1805,test_001805,0
1806,test_001806,0
1807,test_001807,1
1808,test_001808,1
1809,test_001809,1
1810,test_001810,0
1811,test_001811,0
1812,test_001812,1
1813,test_001813,0
1814,test_001814,0
1815,test_001815,1
1816,test_001816,1
1817,test_001817,1
1818,test_001818,0
1819,test_001819,1
1820,test_001820,1
1821,test_001821,0
1822,test_001822,0
1823,test_001823,1
1824,test_001824,1
1825,test_001825,1
1826,test_001826,0
1827,test_001827,0
1828,test_001828,1
1829,test_001829,1
1830,test_001830,1
1831,test_001831,1
1832,test_001832,0
1833,test_001833,1
1834,test_001834,0
1835,test_001835,1
1836,test_001836,0
1837,test_001837,1
1838,test_001838,1
1839,test_001839,0
1840,test_001840,0
1841,test_001841,1
1842,test_001842,1
1843,test_001843,0
1844,test_001844,1
1845,test_001845,1
1846,test_001846,1
1847,test_001847,0
1848,test_001848,1
1849,test_001849,1
1850,test_001850,0
1851,test_001851,1
1852,test_001852,0
1853,test_001853,0
1854,test_001854,0
1855,test_001855,1
1856,test_001856,1
1857,test_001857,0
1858,test_001858,1
1859,test_001859,1
1860,test_001860,0
1861,test_001861,1
1862,test_001862,0
1863,test_001863,0
